{
"nodes":[
	{"name":"bioinformatics"},
	{"name":"software"},
	{"name":"unix"},
	{"name":"unix philosophy"},
	{"name":"FAST"},
	{"name":"perl"},
	{"name":"bioperl"},
	{"name":"biostatistics"},
	{"name":"reproducibility"},
	{"name":"command-line"},
	{"name":"open-source"},
	{"name":"sequences"},
	{"name":"Penstemon"},
	{"name":"plant evolution"},
	{"name":"chloroplast"},
	{"name":"phylogenetics"},
	{"name":"allopolyploidy"},
	{"name":"phylogeography"}

],
"links":[
	{"source":11,"target":12,"value":1},
	{"source":11,"target":13,"value":1},
	{"source":11,"target":14,"value":1},
	{"source":11,"target":15,"value":1},
	{"source":11,"target":16,"value":1},
	{"source":11,"target":17,"value":1},
	{"source":4,"target":12,"value":1},
	{"source":4,"target":13,"value":1},
	{"source":4,"target":14,"value":1},
	{"source":4,"target":15,"value":1},
	{"source":4,"target":16,"value":1},
	{"source":4,"target":17,"value":1},
	{"source":0,"target":12,"value":1},
	{"source":0,"target":13,"value":1},
	{"source":0,"target":14,"value":1},
	{"source":0,"target":15,"value":1},
	{"source":0,"target":16,"value":1},
	{"source":0,"target":17,"value":1},
	{"source":12,"target":13,"value":8},
	{"source":12,"target":14,"value":8},
	{"source":12,"target":15,"value":8},
	{"source":12,"target":16,"value":8},
	{"source":12,"target":17,"value":8},
	{"source":13,"target":14,"value":8},
	{"source":13,"target":15,"value":8},
	{"source":13,"target":16,"value":8},
	{"source":13,"target":17,"value":8},
	{"source":14,"target":15,"value":8},
	{"source":14,"target":16,"value":8},
	{"source":14,"target":17,"value":8},
	{"source":15,"target":16,"value":8},
	{"source":15,"target":17,"value":8},
	{"source":16,"target":17,"value":8},
	{"source":0,"target":1,"value":1},
	{"source":0,"target":2,"value":1},
	{"source":0,"target":3,"value":1},
	{"source":0,"target":4,"value":1},
	{"source":0,"target":5,"value":1},
	{"source":0,"target":6,"value":1},
	{"source":0,"target":7,"value":1},
	{"source":0,"target":8,"value":1},
	{"source":0,"target":9,"value":1},
	{"source":0,"target":10,"value":1},
	{"source":0,"target":11,"value":1},
	{"source":1,"target":2,"value":1},
	{"source":1,"target":3,"value":1},
	{"source":1,"target":4,"value":1},
	{"source":1,"target":5,"value":1},
	{"source":1,"target":6,"value":1},
	{"source":1,"target":7,"value":1},
	{"source":1,"target":8,"value":1},
	{"source":1,"target":9,"value":1},
	{"source":1,"target":10,"value":1},
	{"source":1,"target":11,"value":1},
	{"source":2,"target":3,"value":1},
	{"source":2,"target":4,"value":1},
	{"source":2,"target":5,"value":1},
	{"source":2,"target":6,"value":1},
	{"source":2,"target":7,"value":1},
	{"source":2,"target":8,"value":1},
	{"source":2,"target":9,"value":1},
	{"source":2,"target":10,"value":1},
	{"source":2,"target":11,"value":1},
	{"source":3,"target":4,"value":1},
	{"source":3,"target":5,"value":1},
	{"source":3,"target":6,"value":1},
	{"source":3,"target":7,"value":1},
	{"source":3,"target":8,"value":1},
	{"source":3,"target":9,"value":1},
	{"source":3,"target":10,"value":1},
	{"source":3,"target":11,"value":1},
	{"source":4,"target":5,"value":1},
	{"source":4,"target":6,"value":1},
	{"source":4,"target":7,"value":1},
	{"source":4,"target":8,"value":1},
	{"source":4,"target":9,"value":1},
	{"source":4,"target":10,"value":1},
	{"source":4,"target":11,"value":1},
	{"source":5,"target":6,"value":1},
	{"source":5,"target":7,"value":1},
	{"source":5,"target":8,"value":1},
	{"source":5,"target":9,"value":1},
	{"source":5,"target":10,"value":1},
	{"source":5,"target":11,"value":1},
	{"source":6,"target":7,"value":1},
	{"source":6,"target":8,"value":1},
	{"source":6,"target":9,"value":1},
	{"source":6,"target":10,"value":1},
	{"source":6,"target":11,"value":1},
	{"source":7,"target":8,"value":1},
	{"source":7,"target":9,"value":1},
	{"source":7,"target":10,"value":1},
	{"source":7,"target":11,"value":1},
	{"source":8,"target":9,"value":1},
	{"source":8,"target":10,"value":1},
	{"source":8,"target":11,"value":1},
	{"source":9,"target":10,"value":1},
	{"source":9,"target":11,"value":1},
	{"source":10,"target":11,"value":1}
]
}
